{"cameraMode":{"drawMode":0,"name":"Shaded","section":"Shading Mode"},"sceneLighting":false,"audioPlay":false,"sceneViewState":{"showFog":true,"showMaterialUpdate":false,"showSkybox":false,"showFlares":true,"showImageEffects":true,"showParticleSystems":true},"in2DMode":false,"pivot":{"x":37.35221481323242,"y":2.217047691345215,"z":-34.1748161315918},"rotation":{"x":0.2130754142999649,"y":0.02814391255378723,"z":-0.006140915676951408,"w":0.9766204953193665},"size":18.730743408203126,"orthographic":false}