{"cameraMode":{"drawMode":0,"name":"Shaded","section":"Shading Mode"},"sceneLighting":false,"audioPlay":false,"sceneViewState":{"showFog":true,"showMaterialUpdate":false,"showSkybox":false,"showFlares":true,"showImageEffects":true,"showParticleSystems":true},"in2DMode":false,"pivot":{"x":37.352542877197269,"y":1.171966314315796,"z":-42.85552215576172},"rotation":{"x":0.2130754142999649,"y":0.02814391255378723,"z":-0.006140915676951408,"w":0.9766204953193665},"size":18.59449577331543,"orthographic":false}